id,firstname,lastname,age
1,John,Doe,25
2,Ana,Martinez,30
3,David,Rivera,22
4,Isabel,Fernandez,28
5,Juan,Perez,35
6,Laura,Rodriguez,26
7,Alejandro,Santos,32
8,Maria,Lopez,29
9,Ricardo,Ortega,24
10,Sofia,Ramirez,31
11,Pablo,Garcia,27
12,Adriana,Hernandez,23
13,Fernando,Jimenez,33
14,Monica,Diaz,26
15,Raul,Torres,29
16,Carmen,Morales,34
17,Jorge,Castro,28
18,Paula,Alvarez,25
19,Miguel,Ruiz,30
20,Patricia,Navarro,27
21,Eduardo,Vargas,22
22,Lucia,Silva,31
23,Roberto,Mendoza,26
24,Julia,Campos,29
25,Antonio,Gutierrez,33
26,Valeria,Martinez,28
27,Ramon,Flores,24
28,Beatriz,Chavez,35
29,Emilio,Rivera,30
30,Marina,Lopez,26
31,Hector,Gomez,29
32,Natalia,Ramirez,34
33,Diego,Hernandez,27
34,Victoria,Torres,23
35,Gabriel,Santos,31
36,Carolina,Garcia,28
37,Alberto,Rodriguez,25
38,Diana,Perez,32
39,Francisco,Ortega,30
40,Isabella,Fernandez,26
41,Mario,Ramirez,29
42,Sara,Hernandez,33
43,Luis,Gomez,28
44,Mariana,Martinez,24
45,Alejandra,Jimenez,35
46,Javier,Perez,30
47,Claudia,Silva,22
48,Oscar,Torres,31
49,Andrea,Mendoza,26
50,Rodrigo,Gutierrez,29
51,Valentina,Alvarez,34
52,Felipe,Vargas,28
53,Veronica,Castro,25
54,Carlos,Morales,30
55,Marta,Campos,27
56,Ruben,Ruiz,33
57,Sandra,Navarro,28
58,Juan,Martinez,24
59,Paola,Flores,35
60,Lorenzo,Hernandez,30
61,Luisa,Chavez,26
62,Joaquin,Rivera,29
63,Catalina,Lopez,34
64,Enrique,Gomez,28
65,Susana,Ramirez,25
66,Rodolfo,Torres,31
67,Elena,Santos,22
68,Mauricio,Rodriguez,26
69,Silvia,Mendoza,30
70,Arturo,Gutierrez,27
71,Esther,Ortega,33
72,Ricardo,Fernandez,28
73,Liliana,Jimenez,24
74,Carlos,Gomez,35
75,Ana,Martinez,30
76,David,Rivera,22
77,Isabel,Fernandez,28
78,Juan,Perez,35
79,Laura,Rodriguez,26
80,Alejandro,Santos,32
81,Maria,Lopez,29
82,Ricardo,Ortega,24
83,Sofia,Ramirez,31
84,Pablo,Garcia,27
85,Adriana,Hernandez,23
86,Fernando,Jimenez,33
87,Monica,Diaz,26
88,Raul,Torres,29
89,Carmen,Morales,34
90,Jorge,Castro,28
91,Paula,Alvarez,25
92,Miguel,Ruiz,30
93,Patricia,Navarro,27
94,Eduardo,Vargas,22
95,Lucia,Silva,31
96,Roberto,Mendoza,26
97,Julia,Campos,29
98,Antonio,Gutierrez,33
99,Valeria,Martinez,28
100,Ramon,Flores,24